{"cameraMode":{"drawMode":0,"name":"Shaded","section":"Shading Mode"},"sceneLighting":true,"audioPlay":false,"sceneViewState":{"m_AlwaysRefresh":false,"showFog":true,"showSkybox":true,"showFlares":true,"showImageEffects":true,"showParticleSystems":true,"showVisualEffectGraphs":true,"m_FxEnabled":true},"in2DMode":false,"pivot":{"x":-1.655400037765503,"y":2.0199999809265138,"z":-0.36082226037979128},"rotation":{"x":-0.1526237428188324,"y":0.1406109780073166,"z":-0.02194438874721527,"w":-0.9779903888702393},"size":2.1247448921203615,"orthographic":false}