{"cameraMode":{"drawMode":0,"name":"Shaded","section":"Shading Mode"},"sceneLighting":true,"audioPlay":false,"sceneViewState":{"m_AlwaysRefresh":false,"showFog":true,"showSkybox":true,"showFlares":true,"showImageEffects":true,"showParticleSystems":true,"showVisualEffectGraphs":true,"m_FxEnabled":true},"in2DMode":false,"pivot":{"x":-0.9145758748054504,"y":1.2472862005233765,"z":-7.6744232177734379},"rotation":{"x":-0.047431863844394687,"y":0.10022780299186707,"z":0.00478336913511157,"w":0.9938270449638367},"size":0.9990803599357605,"orthographic":false}